{"RuleTriggered": 0, "Violations": 0, "Details": {"pin_memory": false, "num_workers": 0, "cores": 16, "dataloaders": 1, "dataloading_time": {"p25": 0.16286024999999998, "p50": 0.182941, "p95": 0.24597789999999994, "probs": [1, 0, 0, 0, 1, 1, 0, 0, 0, 1, 0, 0, 0, 0, 0, 0, 0, 0, 0, 0, 0, 0, 1, 0, 0, 1, 0, 1, 0, 0, 0, 0, 0, 0, 0, 0, 0, 0, 0, 0, 0, 0, 0, 0, 0, 0, 0, 1, 0, 0, 0, 0, 0, 1, 0, 0, 0, 0, 0, 0, 0, 0, 0, 0, 0, 0, 0, 0, 0, 0, 0, 0, 0, 0, 0, 0, 0, 0, 0, 0, 0, 0, 0, 0, 0, 0, 0, 0, 0, 0, 0, 0, 0, 0, 0, 0, 0, 0, 0, 1], "binedges": [0.155347, 0.15649513, 0.15764326, 0.15879139, 0.15993952, 0.16108765000000003, 0.16223578000000002, 0.16338391000000002, 0.16453204000000002, 0.16568017000000002, 0.1668283, 0.16797643, 0.16912456, 0.17027269, 0.17142082, 0.17256895, 0.17371708000000002, 0.17486521000000002, 0.17601334000000002, 0.17716147000000002, 0.1783096, 0.17945773, 0.18060586, 0.18175399, 0.18290212, 0.18405025000000003, 0.18519838000000002, 0.18634651000000002, 0.18749464000000002, 0.18864277000000002, 0.1897909, 0.19093903, 0.19208716, 0.19323529, 0.19438342000000003, 0.19553155, 0.19667968000000002, 0.19782781000000002, 0.19897594000000002, 0.20012407000000002, 0.2012722, 0.20242033, 0.20356846, 0.20471659, 0.20586472, 0.20701285000000003, 0.20816098000000002, 0.20930911000000002, 0.21045724000000002, 0.21160537000000001, 0.2127535, 0.21390163, 0.21504976, 0.21619789, 0.21734602000000003, 0.21849415, 0.21964228000000002, 0.22079041000000002, 0.22193854000000002, 0.22308667000000001, 0.2242348, 0.22538293, 0.22653106, 0.22767919000000003, 0.22882732, 0.22997545000000003, 0.23112358, 0.23227171000000002, 0.23341984000000002, 0.23456797000000001, 0.2357161, 0.23686423, 0.23801236000000003, 0.23916049, 0.24030862000000003, 0.24145675, 0.24260488000000002, 0.24375301000000002, 0.24490114000000002, 0.24604927000000001, 0.2471974, 0.24834553, 0.24949366, 0.25064179000000003, 0.25178992, 0.25293805, 0.25408618, 0.25523431, 0.25638244, 0.25753057, 0.25867870000000004, 0.25982683, 0.26097496000000003, 0.26212309, 0.26327122000000003, 0.26441935, 0.26556748, 0.26671561, 0.26786374, 0.26901187000000004, 0.27016]}}, "Datapoints": 10, "RuleParameters": "min_threshold:70\nmax_threshold:200"}