{"RuleTriggered": 0, "Violations": 0, "Details": {"step_num": {"first": 1665558597008332, "last": 1665562426490061}, "job_start": 1665558501.000591, "job_end": 1665562439.500866}, "Datapoints": 1512, "RuleParameters": "threshold:20"}