{"RuleTriggered": 0, "Violations": 0, "Details": {"ratio": {"cpu_functions": 100.0}, "phase": {"Step:ModeKeys.TRAIN": 96.23452097938258, "others": -3.0613000930637813, "Step:ModeKeys.EVAL": 6.826779113681204}, "phase_time": {}, "CPU": {"aten::conv2d": 25.002160259193328, "aten::convolution": 25.00098103765654, "aten::_convolution": 25.000058741482505, "aten::mkldnn_convolution": 24.996799961667612}, "CPU_total": {"aten::conv2d": 22771226, "aten::convolution": 22770152, "aten::_convolution": 22769312, "aten::mkldnn_convolution": 22766344}, "general": {"DataLoaderIterInitialize": 0.0001754092467061897, "DataLoaderIter": 0.047036677529772246, "Forward": 99.95278791322352}}, "Datapoints": 0, "RuleParameters": ""}