{"RuleTriggered": 38, "Violations": 649, "Details": {"step_details": {"algo-1-26": {"step_stats": {"mean": 2.595004482734806, "max": 28.664731, "p99": 28.13843801, "p95": 2.7198731499999997, "p50": 2.1529854999999998, "min": 0.63377}, "number_of_outliers": 22, "phase": "Step:ModeKeys.TRAIN", "stddev": 3.2, "probs": [1, 1, 0, 1, 1, 2, 0, 0, 0, 1, 1, 2, 0, 0, 0, 0, 0, 0, 0, 0, 0, 0, 0, 0, 0, 0, 0, 0, 0, 0, 0, 0, 0, 0, 0, 0, 0, 0, 0, 0, 0, 0, 0, 0, 11, 4, 12, 23, 90, 62, 50, 72, 56, 57, 82, 59, 55, 56, 48, 51, 50, 44, 42, 40, 43, 23, 33, 24, 26, 22, 18, 17, 19, 14, 16, 21, 19, 28, 36, 28, 31, 14, 7, 3, 1, 0, 1, 0, 1, 0, 0, 0, 0, 2, 0, 1, 2, 1, 0, 1], "binedges": [0.63377, 0.6597142399999999, 0.68565848, 0.7116027199999999, 0.73754696, 0.7634911999999999, 0.7894354399999999, 0.8153796799999999, 0.84132392, 0.86726816, 0.8932123999999999, 0.91915664, 0.9451008799999999, 0.9710451199999999, 0.9969893599999999, 1.0229336, 1.0488778399999998, 1.07482208, 1.10076632, 1.12671056, 1.1526548, 1.17859904, 1.20454328, 1.23048752, 1.25643176, 1.282376, 1.30832024, 1.3342644799999999, 1.36020872, 1.38615296, 1.4120971999999998, 1.4380414400000001, 1.46398568, 1.4899299199999998, 1.51587416, 1.5418184, 1.56776264, 1.59370688, 1.6196511199999999, 1.64559536, 1.6715396, 1.6974838399999999, 1.72342808, 1.74937232, 1.77531656, 1.8012607999999999, 1.82720504, 1.85314928, 1.8790935199999999, 1.90503776, 1.930982, 1.95692624, 1.9828704799999999, 2.00881472, 2.03475896, 2.0607032, 2.08664744, 2.11259168, 2.13853592, 2.16448016, 2.1904244, 2.21636864, 2.24231288, 2.26825712, 2.2942013599999997, 2.3201456, 2.34608984, 2.3720340799999997, 2.39797832, 2.4239225600000003, 2.4498667999999997, 2.47581104, 2.5017552800000002, 2.5276995199999996, 2.55364376, 2.579588, 2.60553224, 2.63147648, 2.65742072, 2.6833649599999996, 2.7093092, 2.73525344, 2.7611976799999995, 2.78714192, 2.81308616, 2.8390304000000004, 2.86497464, 2.89091888, 2.9168631200000004, 2.9428073599999998, 2.9687516, 2.9946958400000003, 3.0206400799999997, 3.04658432, 3.0725285600000003, 3.0984727999999997, 3.12441704, 3.1503612800000003, 3.1763055199999997, 3.20224976, 3.228194], "step_numbers": ["0", "0", "100", "200", "200", "300", "400", "500", "500", "600", "600", "700", "800", "800", "900", "900", "1000", "1100", "1100", "1200", "1200", "1300"]}}, "ratio": {}, "phase": {"Step:ModeKeys.TRAIN": 92.80409317904557, "Step:ModeKeys.EVAL": 7.19590682095443}, "phase_time": {}, "general": {"Forward": 100.0}}, "Datapoints": 1512, "RuleParameters": "threshold:3\nmode:None\nn_outliers:10\nstddev:3"}